"benchmark","variable","fixed","from","to","cycles_from","cycles_to","delta_cycles","delta_percent"
"bubble1","cost_per_use","regs=8,avg=false","0","1","1408254","1287837","-120417","-8.550801"
"bubble1","cost_per_use","regs=8,avg=true","0","1","1689738","1422216","-267522","-15.832159"
"bubble1","cost_per_use","regs=12,avg=false","0","1","1408254","1287837","-120417","-8.550801"
"bubble1","cost_per_use","regs=12,avg=true","0","1","1689738","1422216","-267522","-15.832159"
"bubble1","scalar_registers","cost=0,avg=false","8","12","1408254","1408254","0","0"
"bubble1","scalar_registers","cost=0,avg=true","8","12","1689738","1689738","0","0"
"bubble1","scalar_registers","cost=1,avg=false","8","12","1287837","1287837","0","0"
"bubble1","scalar_registers","cost=1,avg=true","8","12","1422216","1422216","0","0"
"bubble1","average_register_costs","cost=0,regs=8","false","true","1408254","1689738","281484","19.988156"
"bubble1","average_register_costs","cost=0,regs=12","false","true","1408254","1689738","281484","19.988156"
"bubble1","average_register_costs","cost=1,regs=8","false","true","1287837","1422216","134379","10.434473"
"bubble1","average_register_costs","cost=1,regs=12","false","true","1287837","1422216","134379","10.434473"
"bubble2","cost_per_use","regs=8,avg=false","0","1","1257054","1217277","-39777","-3.164303"
"bubble2","cost_per_use","regs=8,avg=true","0","1","1576842","1266984","-309858","-19.650542"
"bubble2","cost_per_use","regs=12,avg=false","0","1","1257054","1217277","-39777","-3.164303"
"bubble2","cost_per_use","regs=12,avg=true","0","1","1576842","1266984","-309858","-19.650542"
"bubble2","scalar_registers","cost=0,avg=false","8","12","1257054","1257054","0","0"
"bubble2","scalar_registers","cost=0,avg=true","8","12","1576842","1576842","0","0"
"bubble2","scalar_registers","cost=1,avg=false","8","12","1217277","1217277","0","0"
"bubble2","scalar_registers","cost=1,avg=true","8","12","1266984","1266984","0","0"
"bubble2","average_register_costs","cost=0,regs=8","false","true","1257054","1576842","319788","25.43948"
"bubble2","average_register_costs","cost=0,regs=12","false","true","1257054","1576842","319788","25.43948"
"bubble2","average_register_costs","cost=1,regs=8","false","true","1217277","1266984","49707","4.083458"
"bubble2","average_register_costs","cost=1,regs=12","false","true","1217277","1266984","49707","4.083458"
"bubble4","cost_per_use","regs=8,avg=false","0","1","1836730","1839565","2835","0.15435"
"bubble4","cost_per_use","regs=8,avg=true","0","1","2089990","1978354","-111636","-5.341461"
"bubble4","cost_per_use","regs=12,avg=false","0","1","1836730","1839565","2835","0.15435"
"bubble4","cost_per_use","regs=12,avg=true","0","1","2089990","1978354","-111636","-5.341461"
"bubble4","scalar_registers","cost=0,avg=false","8","12","1836730","1836730","0","0"
"bubble4","scalar_registers","cost=0,avg=true","8","12","2089990","2089990","0","0"
"bubble4","scalar_registers","cost=1,avg=false","8","12","1839565","1839565","0","0"
"bubble4","scalar_registers","cost=1,avg=true","8","12","1978354","1978354","0","0"
"bubble4","average_register_costs","cost=0,regs=8","false","true","1836730","2089990","253260","13.788635"
"bubble4","average_register_costs","cost=0,regs=12","false","true","1836730","2089990","253260","13.788635"
"bubble4","average_register_costs","cost=1,regs=8","false","true","1839565","1978354","138789","7.544664"
"bubble4","average_register_costs","cost=1,regs=12","false","true","1839565","1978354","138789","7.544664"
"call_args","cost_per_use","regs=8,avg=false","0","1","289179","289179","0","0"
"call_args","cost_per_use","regs=8,avg=true","0","1","289179","289179","0","0"
"call_args","cost_per_use","regs=12,avg=false","0","1","289179","289179","0","0"
"call_args","cost_per_use","regs=12,avg=true","0","1","289179","289179","0","0"
"call_args","scalar_registers","cost=0,avg=false","8","12","289179","289179","0","0"
"call_args","scalar_registers","cost=0,avg=true","8","12","289179","289179","0","0"
"call_args","scalar_registers","cost=1,avg=false","8","12","289179","289179","0","0"
"call_args","scalar_registers","cost=1,avg=true","8","12","289179","289179","0","0"
"call_args","average_register_costs","cost=0,regs=8","false","true","289179","289179","0","0"
"call_args","average_register_costs","cost=0,regs=12","false","true","289179","289179","0","0"
"call_args","average_register_costs","cost=1,regs=8","false","true","289179","289179","0","0"
"call_args","average_register_costs","cost=1,regs=12","false","true","289179","289179","0","0"
"constant_arith","cost_per_use","regs=8,avg=false","0","1","7849378","7755150","-94228","-1.200452"
"constant_arith","cost_per_use","regs=8,avg=true","0","1","7847330","7753102","-94228","-1.200765"
"constant_arith","cost_per_use","regs=12,avg=false","0","1","7849378","7755150","-94228","-1.200452"
"constant_arith","cost_per_use","regs=12,avg=true","0","1","7847330","7753102","-94228","-1.200765"
"constant_arith","scalar_registers","cost=0,avg=false","8","12","7849378","7849378","0","0"
"constant_arith","scalar_registers","cost=0,avg=true","8","12","7847330","7847330","0","0"
"constant_arith","scalar_registers","cost=1,avg=false","8","12","7755150","7755150","0","0"
"constant_arith","scalar_registers","cost=1,avg=true","8","12","7753102","7753102","0","0"
"constant_arith","average_register_costs","cost=0,regs=8","false","true","7849378","7847330","-2048","-0.026091"
"constant_arith","average_register_costs","cost=0,regs=12","false","true","7849378","7847330","-2048","-0.026091"
"constant_arith","average_register_costs","cost=1,regs=8","false","true","7755150","7753102","-2048","-0.026408"
"constant_arith","average_register_costs","cost=1,regs=12","false","true","7755150","7753102","-2048","-0.026408"
"crc16","cost_per_use","regs=8,avg=false","0","1","762440","568040","-194400","-25.497088"
"crc16","cost_per_use","regs=8,avg=true","0","1","1888592","1566032","-322560","-17.07939"
"crc16","cost_per_use","regs=12,avg=false","0","1","762440","568040","-194400","-25.497088"
"crc16","cost_per_use","regs=12,avg=true","0","1","1888592","1566032","-322560","-17.07939"
"crc16","scalar_registers","cost=0,avg=false","8","12","762440","762440","0","0"
"crc16","scalar_registers","cost=0,avg=true","8","12","1888592","1888592","0","0"
"crc16","scalar_registers","cost=1,avg=false","8","12","568040","568040","0","0"
"crc16","scalar_registers","cost=1,avg=true","8","12","1566032","1566032","0","0"
"crc16","average_register_costs","cost=0,regs=8","false","true","762440","1888592","1126152","147.703688"
"crc16","average_register_costs","cost=0,regs=12","false","true","762440","1888592","1126152","147.703688"
"crc16","average_register_costs","cost=1,regs=8","false","true","568040","1566032","997992","175.690444"
"crc16","average_register_costs","cost=1,regs=12","false","true","568040","1566032","997992","175.690444"
"divmod","cost_per_use","regs=8,avg=false","0","1","1034298","1029370","-4928","-0.476458"
"divmod","cost_per_use","regs=8,avg=true","0","1","894557","901917","7360","0.822754"
"divmod","cost_per_use","regs=12,avg=false","0","1","1034298","1029370","-4928","-0.476458"
"divmod","cost_per_use","regs=12,avg=true","0","1","894557","901917","7360","0.822754"
"divmod","scalar_registers","cost=0,avg=false","8","12","1034298","1034298","0","0"
"divmod","scalar_registers","cost=0,avg=true","8","12","894557","894557","0","0"
"divmod","scalar_registers","cost=1,avg=false","8","12","1029370","1029370","0","0"
"divmod","scalar_registers","cost=1,avg=true","8","12","901917","901917","0","0"
"divmod","average_register_costs","cost=0,regs=8","false","true","1034298","894557","-139741","-13.51071"
"divmod","average_register_costs","cost=0,regs=12","false","true","1034298","894557","-139741","-13.51071"
"divmod","average_register_costs","cost=1,regs=8","false","true","1029370","901917","-127453","-12.381651"
"divmod","average_register_costs","cost=1,regs=12","false","true","1029370","901917","-127453","-12.381651"
"fibonacci","cost_per_use","regs=8,avg=false","0","1","250048","250048","0","0"
"fibonacci","cost_per_use","regs=8,avg=true","0","1","250048","250048","0","0"
"fibonacci","cost_per_use","regs=12,avg=false","0","1","250048","250048","0","0"
"fibonacci","cost_per_use","regs=12,avg=true","0","1","250048","250048","0","0"
"fibonacci","scalar_registers","cost=0,avg=false","8","12","250048","250048","0","0"
"fibonacci","scalar_registers","cost=0,avg=true","8","12","250048","250048","0","0"
"fibonacci","scalar_registers","cost=1,avg=false","8","12","250048","250048","0","0"
"fibonacci","scalar_registers","cost=1,avg=true","8","12","250048","250048","0","0"
"fibonacci","average_register_costs","cost=0,regs=8","false","true","250048","250048","0","0"
"fibonacci","average_register_costs","cost=0,regs=12","false","true","250048","250048","0","0"
"fibonacci","average_register_costs","cost=1,regs=8","false","true","250048","250048","0","0"
"fibonacci","average_register_costs","cost=1,regs=12","false","true","250048","250048","0","0"
"fir8","cost_per_use","regs=8,avg=false","0","1","8770540","8407376","-363164","-4.140726"
"fir8","cost_per_use","regs=8,avg=true","0","1","8881132","8538448","-342684","-3.858562"
"fir8","cost_per_use","regs=12,avg=false","0","1","8770540","8407376","-363164","-4.140726"
"fir8","cost_per_use","regs=12,avg=true","0","1","8881132","8538448","-342684","-3.858562"
"fir8","scalar_registers","cost=0,avg=false","8","12","8770540","8770540","0","0"
"fir8","scalar_registers","cost=0,avg=true","8","12","8881132","8881132","0","0"
"fir8","scalar_registers","cost=1,avg=false","8","12","8407376","8407376","0","0"
"fir8","scalar_registers","cost=1,avg=true","8","12","8538448","8538448","0","0"
"fir8","average_register_costs","cost=0,regs=8","false","true","8770540","8881132","110592","1.260949"
"fir8","average_register_costs","cost=0,regs=12","false","true","8770540","8881132","110592","1.260949"
"fir8","average_register_costs","cost=1,regs=8","false","true","8407376","8538448","131072","1.559012"
"fir8","average_register_costs","cost=1,regs=12","false","true","8407376","8538448","131072","1.559012"
"fixed_point","cost_per_use","regs=8,avg=false","0","1","11609348","11609348","0","0"
"fixed_point","cost_per_use","regs=8,avg=true","0","1","11609348","11609348","0","0"
"fixed_point","cost_per_use","regs=12,avg=false","0","1","11609348","11609348","0","0"
"fixed_point","cost_per_use","regs=12,avg=true","0","1","11609348","11609348","0","0"
"fixed_point","scalar_registers","cost=0,avg=false","8","12","11609348","11609348","0","0"
"fixed_point","scalar_registers","cost=0,avg=true","8","12","11609348","11609348","0","0"
"fixed_point","scalar_registers","cost=1,avg=false","8","12","11609348","11609348","0","0"
"fixed_point","scalar_registers","cost=1,avg=true","8","12","11609348","11609348","0","0"
"fixed_point","average_register_costs","cost=0,regs=8","false","true","11609348","11609348","0","0"
"fixed_point","average_register_costs","cost=0,regs=12","false","true","11609348","11609348","0","0"
"fixed_point","average_register_costs","cost=1,regs=8","false","true","11609348","11609348","0","0"
"fixed_point","average_register_costs","cost=1,regs=12","false","true","11609348","11609348","0","0"
"float","cost_per_use","regs=8,avg=false","0","1","881658","878698","-2960","-0.335731"
"float","cost_per_use","regs=8,avg=true","0","1","1202241","1308865","106624","8.868771"
"float","cost_per_use","regs=12,avg=false","0","1","881658","878698","-2960","-0.335731"
"float","cost_per_use","regs=12,avg=true","0","1","1202241","1308865","106624","8.868771"
"float","scalar_registers","cost=0,avg=false","8","12","881658","881658","0","0"
"float","scalar_registers","cost=0,avg=true","8","12","1202241","1202241","0","0"
"float","scalar_registers","cost=1,avg=false","8","12","878698","878698","0","0"
"float","scalar_registers","cost=1,avg=true","8","12","1308865","1308865","0","0"
"float","average_register_costs","cost=0,regs=8","false","true","881658","1202241","320583","36.361378"
"float","average_register_costs","cost=0,regs=12","false","true","881658","1202241","320583","36.361378"
"float","average_register_costs","cost=1,regs=8","false","true","878698","1308865","430167","48.955045"
"float","average_register_costs","cost=1,regs=12","false","true","878698","1308865","430167","48.955045"
"indirect_call","cost_per_use","regs=8,avg=false","0","1","83052","83052","0","0"
"indirect_call","cost_per_use","regs=8,avg=true","0","1","83052","83052","0","0"
"indirect_call","cost_per_use","regs=12,avg=false","0","1","83052","83052","0","0"
"indirect_call","cost_per_use","regs=12,avg=true","0","1","83052","83052","0","0"
"indirect_call","scalar_registers","cost=0,avg=false","8","12","83052","83052","0","0"
"indirect_call","scalar_registers","cost=0,avg=true","8","12","83052","83052","0","0"
"indirect_call","scalar_registers","cost=1,avg=false","8","12","83052","83052","0","0"
"indirect_call","scalar_registers","cost=1,avg=true","8","12","83052","83052","0","0"
"indirect_call","average_register_costs","cost=0,regs=8","false","true","83052","83052","0","0"
"indirect_call","average_register_costs","cost=0,regs=12","false","true","83052","83052","0","0"
"indirect_call","average_register_costs","cost=1,regs=8","false","true","83052","83052","0","0"
"indirect_call","average_register_costs","cost=1,regs=12","false","true","83052","83052","0","0"
"loop_control","cost_per_use","regs=8,avg=false","0","1","20271868","13887376","-6384492","-31.494345"
"loop_control","cost_per_use","regs=8,avg=true","0","1","20271868","13887376","-6384492","-31.494345"
"loop_control","cost_per_use","regs=12,avg=false","0","1","20271868","13887376","-6384492","-31.494345"
"loop_control","cost_per_use","regs=12,avg=true","0","1","20271868","13887376","-6384492","-31.494345"
"loop_control","scalar_registers","cost=0,avg=false","8","12","20271868","20271868","0","0"
"loop_control","scalar_registers","cost=0,avg=true","8","12","20271868","20271868","0","0"
"loop_control","scalar_registers","cost=1,avg=false","8","12","13887376","13887376","0","0"
"loop_control","scalar_registers","cost=1,avg=true","8","12","13887376","13887376","0","0"
"loop_control","average_register_costs","cost=0,regs=8","false","true","20271868","20271868","0","0"
"loop_control","average_register_costs","cost=0,regs=12","false","true","20271868","20271868","0","0"
"loop_control","average_register_costs","cost=1,regs=8","false","true","13887376","13887376","0","0"
"loop_control","average_register_costs","cost=1,regs=12","false","true","13887376","13887376","0","0"
"memory_services","cost_per_use","regs=8,avg=false","0","1","18512","18512","0","0"
"memory_services","cost_per_use","regs=8,avg=true","0","1","18512","18512","0","0"
"memory_services","cost_per_use","regs=12,avg=false","0","1","18512","18512","0","0"
"memory_services","cost_per_use","regs=12,avg=true","0","1","18512","18512","0","0"
"memory_services","scalar_registers","cost=0,avg=false","8","12","18512","18512","0","0"
"memory_services","scalar_registers","cost=0,avg=true","8","12","18512","18512","0","0"
"memory_services","scalar_registers","cost=1,avg=false","8","12","18512","18512","0","0"
"memory_services","scalar_registers","cost=1,avg=true","8","12","18512","18512","0","0"
"memory_services","average_register_costs","cost=0,regs=8","false","true","18512","18512","0","0"
"memory_services","average_register_costs","cost=0,regs=12","false","true","18512","18512","0","0"
"memory_services","average_register_costs","cost=1,regs=8","false","true","18512","18512","0","0"
"memory_services","average_register_costs","cost=1,regs=12","false","true","18512","18512","0","0"
"mixed_width","cost_per_use","regs=8,avg=false","0","1","3142866","3142866","0","0"
"mixed_width","cost_per_use","regs=8,avg=true","0","1","3083025","3083025","0","0"
"mixed_width","cost_per_use","regs=12,avg=false","0","1","3142866","3142866","0","0"
"mixed_width","cost_per_use","regs=12,avg=true","0","1","3083025","3083025","0","0"
"mixed_width","scalar_registers","cost=0,avg=false","8","12","3142866","3142866","0","0"
"mixed_width","scalar_registers","cost=0,avg=true","8","12","3083025","3083025","0","0"
"mixed_width","scalar_registers","cost=1,avg=false","8","12","3142866","3142866","0","0"
"mixed_width","scalar_registers","cost=1,avg=true","8","12","3083025","3083025","0","0"
"mixed_width","average_register_costs","cost=0,regs=8","false","true","3142866","3083025","-59841","-1.904026"
"mixed_width","average_register_costs","cost=0,regs=12","false","true","3142866","3083025","-59841","-1.904026"
"mixed_width","average_register_costs","cost=1,regs=8","false","true","3142866","3083025","-59841","-1.904026"
"mixed_width","average_register_costs","cost=1,regs=12","false","true","3142866","3083025","-59841","-1.904026"
"multiply","cost_per_use","regs=8,avg=false","0","1","911005","764053","-146952","-16.130757"
"multiply","cost_per_use","regs=8,avg=true","0","1","1111189","940612","-170577","-15.350854"
"multiply","cost_per_use","regs=12,avg=false","0","1","911005","764053","-146952","-16.130757"
"multiply","cost_per_use","regs=12,avg=true","0","1","1111189","940612","-170577","-15.350854"
"multiply","scalar_registers","cost=0,avg=false","8","12","911005","911005","0","0"
"multiply","scalar_registers","cost=0,avg=true","8","12","1111189","1111189","0","0"
"multiply","scalar_registers","cost=1,avg=false","8","12","764053","764053","0","0"
"multiply","scalar_registers","cost=1,avg=true","8","12","940612","940612","0","0"
"multiply","average_register_costs","cost=0,regs=8","false","true","911005","1111189","200184","21.973974"
"multiply","average_register_costs","cost=0,regs=12","false","true","911005","1111189","200184","21.973974"
"multiply","average_register_costs","cost=1,regs=8","false","true","764053","940612","176559","23.108214"
"multiply","average_register_costs","cost=1,regs=12","false","true","764053","940612","176559","23.108214"
"pointer_walk","cost_per_use","regs=8,avg=false","0","1","1000732","924704","-76028","-7.597239"
"pointer_walk","cost_per_use","regs=8,avg=true","0","1","1000732","924704","-76028","-7.597239"
"pointer_walk","cost_per_use","regs=12,avg=false","0","1","1000732","924704","-76028","-7.597239"
"pointer_walk","cost_per_use","regs=12,avg=true","0","1","1000732","924704","-76028","-7.597239"
"pointer_walk","scalar_registers","cost=0,avg=false","8","12","1000732","1000732","0","0"
"pointer_walk","scalar_registers","cost=0,avg=true","8","12","1000732","1000732","0","0"
"pointer_walk","scalar_registers","cost=1,avg=false","8","12","924704","924704","0","0"
"pointer_walk","scalar_registers","cost=1,avg=true","8","12","924704","924704","0","0"
"pointer_walk","average_register_costs","cost=0,regs=8","false","true","1000732","1000732","0","0"
"pointer_walk","average_register_costs","cost=0,regs=12","false","true","1000732","1000732","0","0"
"pointer_walk","average_register_costs","cost=1,regs=8","false","true","924704","924704","0","0"
"pointer_walk","average_register_costs","cost=1,regs=12","false","true","924704","924704","0","0"
"progmem_walk","cost_per_use","regs=8,avg=false","0","1","3209957","3175020","-34937","-1.088395"
"progmem_walk","cost_per_use","regs=8,avg=true","0","1","3209957","3175020","-34937","-1.088395"
"progmem_walk","cost_per_use","regs=12,avg=false","0","1","3209957","3175020","-34937","-1.088395"
"progmem_walk","cost_per_use","regs=12,avg=true","0","1","3209957","3175020","-34937","-1.088395"
"progmem_walk","scalar_registers","cost=0,avg=false","8","12","3209957","3209957","0","0"
"progmem_walk","scalar_registers","cost=0,avg=true","8","12","3209957","3209957","0","0"
"progmem_walk","scalar_registers","cost=1,avg=false","8","12","3175020","3175020","0","0"
"progmem_walk","scalar_registers","cost=1,avg=true","8","12","3175020","3175020","0","0"
"progmem_walk","average_register_costs","cost=0,regs=8","false","true","3209957","3209957","0","0"
"progmem_walk","average_register_costs","cost=0,regs=12","false","true","3209957","3209957","0","0"
"progmem_walk","average_register_costs","cost=1,regs=8","false","true","3175020","3175020","0","0"
"progmem_walk","average_register_costs","cost=1,regs=12","false","true","3175020","3175020","0","0"
"progmem_widen_ldp16","cost_per_use","regs=8,avg=false","0","1","573604","542476","-31128","-5.42674"
"progmem_widen_ldp16","cost_per_use","regs=8,avg=true","0","1","545647","545647","0","0"
"progmem_widen_ldp16","cost_per_use","regs=12,avg=false","0","1","573604","542476","-31128","-5.42674"
"progmem_widen_ldp16","cost_per_use","regs=12,avg=true","0","1","545647","545647","0","0"
"progmem_widen_ldp16","scalar_registers","cost=0,avg=false","8","12","573604","573604","0","0"
"progmem_widen_ldp16","scalar_registers","cost=0,avg=true","8","12","545647","545647","0","0"
"progmem_widen_ldp16","scalar_registers","cost=1,avg=false","8","12","542476","542476","0","0"
"progmem_widen_ldp16","scalar_registers","cost=1,avg=true","8","12","545647","545647","0","0"
"progmem_widen_ldp16","average_register_costs","cost=0,regs=8","false","true","573604","545647","-27957","-4.87392"
"progmem_widen_ldp16","average_register_costs","cost=0,regs=12","false","true","573604","545647","-27957","-4.87392"
"progmem_widen_ldp16","average_register_costs","cost=1,regs=8","false","true","542476","545647","3171","0.584542"
"progmem_widen_ldp16","average_register_costs","cost=1,regs=12","false","true","542476","545647","3171","0.584542"
"progmem_widen_ldp32_bytes","cost_per_use","regs=8,avg=false","0","1","737024","737024","0","0"
"progmem_widen_ldp32_bytes","cost_per_use","regs=8,avg=true","0","1","738239","738239","0","0"
"progmem_widen_ldp32_bytes","cost_per_use","regs=12,avg=false","0","1","737024","737024","0","0"
"progmem_widen_ldp32_bytes","cost_per_use","regs=12,avg=true","0","1","738239","738239","0","0"
"progmem_widen_ldp32_bytes","scalar_registers","cost=0,avg=false","8","12","737024","737024","0","0"
"progmem_widen_ldp32_bytes","scalar_registers","cost=0,avg=true","8","12","738239","738239","0","0"
"progmem_widen_ldp32_bytes","scalar_registers","cost=1,avg=false","8","12","737024","737024","0","0"
"progmem_widen_ldp32_bytes","scalar_registers","cost=1,avg=true","8","12","738239","738239","0","0"
"progmem_widen_ldp32_bytes","average_register_costs","cost=0,regs=8","false","true","737024","738239","1215","0.164852"
"progmem_widen_ldp32_bytes","average_register_costs","cost=0,regs=12","false","true","737024","738239","1215","0.164852"
"progmem_widen_ldp32_bytes","average_register_costs","cost=1,regs=8","false","true","737024","738239","1215","0.164852"
"progmem_widen_ldp32_bytes","average_register_costs","cost=1,regs=12","false","true","737024","738239","1215","0.164852"
"progmem_widen_ldp32_words","cost_per_use","regs=8,avg=false","0","1","573593","542465","-31128","-5.426844"
"progmem_widen_ldp32_words","cost_per_use","regs=8,avg=true","0","1","545636","545636","0","0"
"progmem_widen_ldp32_words","cost_per_use","regs=12,avg=false","0","1","573593","542465","-31128","-5.426844"
"progmem_widen_ldp32_words","cost_per_use","regs=12,avg=true","0","1","545636","545636","0","0"
"progmem_widen_ldp32_words","scalar_registers","cost=0,avg=false","8","12","573593","573593","0","0"
"progmem_widen_ldp32_words","scalar_registers","cost=0,avg=true","8","12","545636","545636","0","0"
"progmem_widen_ldp32_words","scalar_registers","cost=1,avg=false","8","12","542465","542465","0","0"
"progmem_widen_ldp32_words","scalar_registers","cost=1,avg=true","8","12","545636","545636","0","0"
"progmem_widen_ldp32_words","average_register_costs","cost=0,regs=8","false","true","573593","545636","-27957","-4.874013"
"progmem_widen_ldp32_words","average_register_costs","cost=0,regs=12","false","true","573593","545636","-27957","-4.874013"
"progmem_widen_ldp32_words","average_register_costs","cost=1,regs=8","false","true","542465","545636","3171","0.584554"
"progmem_widen_ldp32_words","average_register_costs","cost=1,regs=12","false","true","542465","545636","3171","0.584554"
"record_scan","cost_per_use","regs=8,avg=false","0","1","1564880","1793903","229023","14.63518"
"record_scan","cost_per_use","regs=8,avg=true","0","1","1564880","1793903","229023","14.63518"
"record_scan","cost_per_use","regs=12,avg=false","0","1","1564880","1793903","229023","14.63518"
"record_scan","cost_per_use","regs=12,avg=true","0","1","1564880","1793903","229023","14.63518"
"record_scan","scalar_registers","cost=0,avg=false","8","12","1564880","1564880","0","0"
"record_scan","scalar_registers","cost=0,avg=true","8","12","1564880","1564880","0","0"
"record_scan","scalar_registers","cost=1,avg=false","8","12","1793903","1793903","0","0"
"record_scan","scalar_registers","cost=1,avg=true","8","12","1793903","1793903","0","0"
"record_scan","average_register_costs","cost=0,regs=8","false","true","1564880","1564880","0","0"
"record_scan","average_register_costs","cost=0,regs=12","false","true","1564880","1564880","0","0"
"record_scan","average_register_costs","cost=1,regs=8","false","true","1793903","1793903","0","0"
"record_scan","average_register_costs","cost=1,regs=12","false","true","1793903","1793903","0","0"
"reverse_walk","cost_per_use","regs=8,avg=false","0","1","2593084","1926704","-666380","-25.698358"
"reverse_walk","cost_per_use","regs=8,avg=true","0","1","2593084","1926704","-666380","-25.698358"
"reverse_walk","cost_per_use","regs=12,avg=false","0","1","2593084","1926704","-666380","-25.698358"
"reverse_walk","cost_per_use","regs=12,avg=true","0","1","2593084","1926704","-666380","-25.698358"
"reverse_walk","scalar_registers","cost=0,avg=false","8","12","2593084","2593084","0","0"
"reverse_walk","scalar_registers","cost=0,avg=true","8","12","2593084","2593084","0","0"
"reverse_walk","scalar_registers","cost=1,avg=false","8","12","1926704","1926704","0","0"
"reverse_walk","scalar_registers","cost=1,avg=true","8","12","1926704","1926704","0","0"
"reverse_walk","average_register_costs","cost=0,regs=8","false","true","2593084","2593084","0","0"
"reverse_walk","average_register_costs","cost=0,regs=12","false","true","2593084","2593084","0","0"
"reverse_walk","average_register_costs","cost=1,regs=8","false","true","1926704","1926704","0","0"
"reverse_walk","average_register_costs","cost=1,regs=12","false","true","1926704","1926704","0","0"
"select","cost_per_use","regs=8,avg=false","0","1","744268","744268","0","0"
"select","cost_per_use","regs=8,avg=true","0","1","743756","743756","0","0"
"select","cost_per_use","regs=12,avg=false","0","1","744268","744268","0","0"
"select","cost_per_use","regs=12,avg=true","0","1","743756","743756","0","0"
"select","scalar_registers","cost=0,avg=false","8","12","744268","744268","0","0"
"select","scalar_registers","cost=0,avg=true","8","12","743756","743756","0","0"
"select","scalar_registers","cost=1,avg=false","8","12","744268","744268","0","0"
"select","scalar_registers","cost=1,avg=true","8","12","743756","743756","0","0"
"select","average_register_costs","cost=0,regs=8","false","true","744268","743756","-512","-0.068792"
"select","average_register_costs","cost=0,regs=12","false","true","744268","743756","-512","-0.068792"
"select","average_register_costs","cost=1,regs=8","false","true","744268","743756","-512","-0.068792"
"select","average_register_costs","cost=1,regs=12","false","true","744268","743756","-512","-0.068792"
"shifts","cost_per_use","regs=8,avg=false","0","1","491985","520129","28144","5.7205"
"shifts","cost_per_use","regs=8,avg=true","0","1","513825","513641","-184","-0.03581"
"shifts","cost_per_use","regs=12,avg=false","0","1","491985","520129","28144","5.7205"
"shifts","cost_per_use","regs=12,avg=true","0","1","513825","513641","-184","-0.03581"
"shifts","scalar_registers","cost=0,avg=false","8","12","491985","491985","0","0"
"shifts","scalar_registers","cost=0,avg=true","8","12","513825","513825","0","0"
"shifts","scalar_registers","cost=1,avg=false","8","12","520129","520129","0","0"
"shifts","scalar_registers","cost=1,avg=true","8","12","513641","513641","0","0"
"shifts","average_register_costs","cost=0,regs=8","false","true","491985","513825","21840","4.43916"
"shifts","average_register_costs","cost=0,regs=12","false","true","491985","513825","21840","4.43916"
"shifts","average_register_costs","cost=1,regs=8","false","true","520129","513641","-6488","-1.247383"
"shifts","average_register_costs","cost=1,regs=12","false","true","520129","513641","-6488","-1.247383"
"sieve","cost_per_use","regs=8,avg=false","0","1","518627","372894","-145733","-28.099771"
"sieve","cost_per_use","regs=8,avg=true","0","1","521800","376067","-145733","-27.9289"
"sieve","cost_per_use","regs=12,avg=false","0","1","518627","372894","-145733","-28.099771"
"sieve","cost_per_use","regs=12,avg=true","0","1","521800","376067","-145733","-27.9289"
"sieve","scalar_registers","cost=0,avg=false","8","12","518627","518627","0","0"
"sieve","scalar_registers","cost=0,avg=true","8","12","521800","521800","0","0"
"sieve","scalar_registers","cost=1,avg=false","8","12","372894","372894","0","0"
"sieve","scalar_registers","cost=1,avg=true","8","12","376067","376067","0","0"
"sieve","average_register_costs","cost=0,regs=8","false","true","518627","521800","3173","0.611808"
"sieve","average_register_costs","cost=0,regs=12","false","true","518627","521800","3173","0.611808"
"sieve","average_register_costs","cost=1,regs=8","false","true","372894","376067","3173","0.850912"
"sieve","average_register_costs","cost=1,regs=12","false","true","372894","376067","3173","0.850912"
"small_memops","cost_per_use","regs=8,avg=false","0","1","817203","785139","-32064","-3.923627"
"small_memops","cost_per_use","regs=8,avg=true","0","1","815155","783091","-32064","-3.933485"
"small_memops","cost_per_use","regs=12,avg=false","0","1","817203","785139","-32064","-3.923627"
"small_memops","cost_per_use","regs=12,avg=true","0","1","815155","783091","-32064","-3.933485"
"small_memops","scalar_registers","cost=0,avg=false","8","12","817203","817203","0","0"
"small_memops","scalar_registers","cost=0,avg=true","8","12","815155","815155","0","0"
"small_memops","scalar_registers","cost=1,avg=false","8","12","785139","785139","0","0"
"small_memops","scalar_registers","cost=1,avg=true","8","12","783091","783091","0","0"
"small_memops","average_register_costs","cost=0,regs=8","false","true","817203","815155","-2048","-0.250611"
"small_memops","average_register_costs","cost=0,regs=12","false","true","817203","815155","-2048","-0.250611"
"small_memops","average_register_costs","cost=1,regs=8","false","true","785139","783091","-2048","-0.260846"
"small_memops","average_register_costs","cost=1,regs=12","false","true","785139","783091","-2048","-0.260846"
"stack_array","cost_per_use","regs=8,avg=false","0","1","897447","820167","-77280","-8.611093"
"stack_array","cost_per_use","regs=8,avg=true","0","1","968679","891399","-77280","-7.977875"
"stack_array","cost_per_use","regs=12,avg=false","0","1","897447","820167","-77280","-8.611093"
"stack_array","cost_per_use","regs=12,avg=true","0","1","968679","891399","-77280","-7.977875"
"stack_array","scalar_registers","cost=0,avg=false","8","12","897447","897447","0","0"
"stack_array","scalar_registers","cost=0,avg=true","8","12","968679","968679","0","0"
"stack_array","scalar_registers","cost=1,avg=false","8","12","820167","820167","0","0"
"stack_array","scalar_registers","cost=1,avg=true","8","12","891399","891399","0","0"
"stack_array","average_register_costs","cost=0,regs=8","false","true","897447","968679","71232","7.937182"
"stack_array","average_register_costs","cost=0,regs=12","false","true","897447","968679","71232","7.937182"
"stack_array","average_register_costs","cost=1,regs=8","false","true","820167","891399","71232","8.68506"
"stack_array","average_register_costs","cost=1,regs=12","false","true","820167","891399","71232","8.68506"
"state_machine","cost_per_use","regs=8,avg=false","0","1","7251129","7292256","41127","0.567181"
"state_machine","cost_per_use","regs=8,avg=true","0","1","7251129","7292256","41127","0.567181"
"state_machine","cost_per_use","regs=12,avg=false","0","1","7251129","7292256","41127","0.567181"
"state_machine","cost_per_use","regs=12,avg=true","0","1","7251129","7292256","41127","0.567181"
"state_machine","scalar_registers","cost=0,avg=false","8","12","7251129","7251129","0","0"
"state_machine","scalar_registers","cost=0,avg=true","8","12","7251129","7251129","0","0"
"state_machine","scalar_registers","cost=1,avg=false","8","12","7292256","7292256","0","0"
"state_machine","scalar_registers","cost=1,avg=true","8","12","7292256","7292256","0","0"
"state_machine","average_register_costs","cost=0,regs=8","false","true","7251129","7251129","0","0"
"state_machine","average_register_costs","cost=0,regs=12","false","true","7251129","7251129","0","0"
"state_machine","average_register_costs","cost=1,regs=8","false","true","7292256","7292256","0","0"
"state_machine","average_register_costs","cost=1,regs=12","false","true","7292256","7292256","0","0"
"string_scan","cost_per_use","regs=8,avg=false","0","1","28897549","25469691","-3427858","-11.862106"
"string_scan","cost_per_use","regs=8,avg=true","0","1","29314919","25524795","-3790124","-12.928994"
"string_scan","cost_per_use","regs=12,avg=false","0","1","28897549","25469691","-3427858","-11.862106"
"string_scan","cost_per_use","regs=12,avg=true","0","1","29314919","25524795","-3790124","-12.928994"
"string_scan","scalar_registers","cost=0,avg=false","8","12","28897549","28897549","0","0"
"string_scan","scalar_registers","cost=0,avg=true","8","12","29314919","29314919","0","0"
"string_scan","scalar_registers","cost=1,avg=false","8","12","25469691","25469691","0","0"
"string_scan","scalar_registers","cost=1,avg=true","8","12","25524795","25524795","0","0"
"string_scan","average_register_costs","cost=0,regs=8","false","true","28897549","29314919","417370","1.444309"
"string_scan","average_register_costs","cost=0,regs=12","false","true","28897549","29314919","417370","1.444309"
"string_scan","average_register_costs","cost=1,regs=8","false","true","25469691","25524795","55104","0.216351"
"string_scan","average_register_costs","cost=1,regs=12","false","true","25469691","25524795","55104","0.216351"
"struct_copy","cost_per_use","regs=8,avg=false","0","1","606888","593528","-13360","-2.201395"
"struct_copy","cost_per_use","regs=8,avg=true","0","1","812792","819224","6432","0.791346"
"struct_copy","cost_per_use","regs=12,avg=false","0","1","606888","593528","-13360","-2.201395"
"struct_copy","cost_per_use","regs=12,avg=true","0","1","812792","819224","6432","0.791346"
"struct_copy","scalar_registers","cost=0,avg=false","8","12","606888","606888","0","0"
"struct_copy","scalar_registers","cost=0,avg=true","8","12","812792","812792","0","0"
"struct_copy","scalar_registers","cost=1,avg=false","8","12","593528","593528","0","0"
"struct_copy","scalar_registers","cost=1,avg=true","8","12","819224","819224","0","0"
"struct_copy","average_register_costs","cost=0,regs=8","false","true","606888","812792","205904","33.927842"
"struct_copy","average_register_costs","cost=0,regs=12","false","true","606888","812792","205904","33.927842"
"struct_copy","average_register_costs","cost=1,regs=8","false","true","593528","819224","225696","38.026176"
"struct_copy","average_register_costs","cost=1,regs=12","false","true","593528","819224","225696","38.026176"
"switch","cost_per_use","regs=8,avg=false","0","1","936377","936377","0","0"
"switch","cost_per_use","regs=8,avg=true","0","1","936377","936377","0","0"
"switch","cost_per_use","regs=12,avg=false","0","1","936377","936377","0","0"
"switch","cost_per_use","regs=12,avg=true","0","1","936377","936377","0","0"
"switch","scalar_registers","cost=0,avg=false","8","12","936377","936377","0","0"
"switch","scalar_registers","cost=0,avg=true","8","12","936377","936377","0","0"
"switch","scalar_registers","cost=1,avg=false","8","12","936377","936377","0","0"
"switch","scalar_registers","cost=1,avg=true","8","12","936377","936377","0","0"
"switch","average_register_costs","cost=0,regs=8","false","true","936377","936377","0","0"
"switch","average_register_costs","cost=0,regs=12","false","true","936377","936377","0","0"
"switch","average_register_costs","cost=1,regs=8","false","true","936377","936377","0","0"
"switch","average_register_costs","cost=1,regs=12","false","true","936377","936377","0","0"
"sys_memcmp","cost_per_use","regs=8,avg=false","0","1","3062","3024","-38","-1.241019"
"sys_memcmp","cost_per_use","regs=8,avg=true","0","1","3062","3024","-38","-1.241019"
"sys_memcmp","cost_per_use","regs=12,avg=false","0","1","3062","3024","-38","-1.241019"
"sys_memcmp","cost_per_use","regs=12,avg=true","0","1","3062","3024","-38","-1.241019"
"sys_memcmp","scalar_registers","cost=0,avg=false","8","12","3062","3062","0","0"
"sys_memcmp","scalar_registers","cost=0,avg=true","8","12","3062","3062","0","0"
"sys_memcmp","scalar_registers","cost=1,avg=false","8","12","3024","3024","0","0"
"sys_memcmp","scalar_registers","cost=1,avg=true","8","12","3024","3024","0","0"
"sys_memcmp","average_register_costs","cost=0,regs=8","false","true","3062","3062","0","0"
"sys_memcmp","average_register_costs","cost=0,regs=12","false","true","3062","3062","0","0"
"sys_memcmp","average_register_costs","cost=1,regs=8","false","true","3024","3024","0","0"
"sys_memcmp","average_register_costs","cost=1,regs=12","false","true","3024","3024","0","0"
"sys_memcmp_p","cost_per_use","regs=8,avg=false","0","1","5303","5303","0","0"
"sys_memcmp_p","cost_per_use","regs=8,avg=true","0","1","5303","5303","0","0"
"sys_memcmp_p","cost_per_use","regs=12,avg=false","0","1","5303","5303","0","0"
"sys_memcmp_p","cost_per_use","regs=12,avg=true","0","1","5303","5303","0","0"
"sys_memcmp_p","scalar_registers","cost=0,avg=false","8","12","5303","5303","0","0"
"sys_memcmp_p","scalar_registers","cost=0,avg=true","8","12","5303","5303","0","0"
"sys_memcmp_p","scalar_registers","cost=1,avg=false","8","12","5303","5303","0","0"
"sys_memcmp_p","scalar_registers","cost=1,avg=true","8","12","5303","5303","0","0"
"sys_memcmp_p","average_register_costs","cost=0,regs=8","false","true","5303","5303","0","0"
"sys_memcmp_p","average_register_costs","cost=0,regs=12","false","true","5303","5303","0","0"
"sys_memcmp_p","average_register_costs","cost=1,regs=8","false","true","5303","5303","0","0"
"sys_memcmp_p","average_register_costs","cost=1,regs=12","false","true","5303","5303","0","0"
"sys_strcmp","cost_per_use","regs=8,avg=false","0","1","2838","2715","-123","-4.334038"
"sys_strcmp","cost_per_use","regs=8,avg=true","0","1","2838","2715","-123","-4.334038"
"sys_strcmp","cost_per_use","regs=12,avg=false","0","1","2838","2715","-123","-4.334038"
"sys_strcmp","cost_per_use","regs=12,avg=true","0","1","2838","2715","-123","-4.334038"
"sys_strcmp","scalar_registers","cost=0,avg=false","8","12","2838","2838","0","0"
"sys_strcmp","scalar_registers","cost=0,avg=true","8","12","2838","2838","0","0"
"sys_strcmp","scalar_registers","cost=1,avg=false","8","12","2715","2715","0","0"
"sys_strcmp","scalar_registers","cost=1,avg=true","8","12","2715","2715","0","0"
"sys_strcmp","average_register_costs","cost=0,regs=8","false","true","2838","2838","0","0"
"sys_strcmp","average_register_costs","cost=0,regs=12","false","true","2838","2838","0","0"
"sys_strcmp","average_register_costs","cost=1,regs=8","false","true","2715","2715","0","0"
"sys_strcmp","average_register_costs","cost=1,regs=12","false","true","2715","2715","0","0"
"sys_strcmp_p","cost_per_use","regs=8,avg=false","0","1","5691","5663","-28","-0.492005"
"sys_strcmp_p","cost_per_use","regs=8,avg=true","0","1","5691","5663","-28","-0.492005"
"sys_strcmp_p","cost_per_use","regs=12,avg=false","0","1","5691","5663","-28","-0.492005"
"sys_strcmp_p","cost_per_use","regs=12,avg=true","0","1","5691","5663","-28","-0.492005"
"sys_strcmp_p","scalar_registers","cost=0,avg=false","8","12","5691","5691","0","0"
"sys_strcmp_p","scalar_registers","cost=0,avg=true","8","12","5691","5691","0","0"
"sys_strcmp_p","scalar_registers","cost=1,avg=false","8","12","5663","5663","0","0"
"sys_strcmp_p","scalar_registers","cost=1,avg=true","8","12","5663","5663","0","0"
"sys_strcmp_p","average_register_costs","cost=0,regs=8","false","true","5691","5691","0","0"
"sys_strcmp_p","average_register_costs","cost=0,regs=12","false","true","5691","5691","0","0"
"sys_strcmp_p","average_register_costs","cost=1,regs=8","false","true","5663","5663","0","0"
"sys_strcmp_p","average_register_costs","cost=1,regs=12","false","true","5663","5663","0","0"
"sys_strlen","cost_per_use","regs=8,avg=false","0","1","3039","3039","0","0"
"sys_strlen","cost_per_use","regs=8,avg=true","0","1","3039","3039","0","0"
"sys_strlen","cost_per_use","regs=12,avg=false","0","1","3039","3039","0","0"
"sys_strlen","cost_per_use","regs=12,avg=true","0","1","3039","3039","0","0"
"sys_strlen","scalar_registers","cost=0,avg=false","8","12","3039","3039","0","0"
"sys_strlen","scalar_registers","cost=0,avg=true","8","12","3039","3039","0","0"
"sys_strlen","scalar_registers","cost=1,avg=false","8","12","3039","3039","0","0"
"sys_strlen","scalar_registers","cost=1,avg=true","8","12","3039","3039","0","0"
"sys_strlen","average_register_costs","cost=0,regs=8","false","true","3039","3039","0","0"
"sys_strlen","average_register_costs","cost=0,regs=12","false","true","3039","3039","0","0"
"sys_strlen","average_register_costs","cost=1,regs=8","false","true","3039","3039","0","0"
"sys_strlen","average_register_costs","cost=1,regs=12","false","true","3039","3039","0","0"
"sys_strlen_p","cost_per_use","regs=8,avg=false","0","1","7230","7209","-21","-0.290456"
"sys_strlen_p","cost_per_use","regs=8,avg=true","0","1","7230","7209","-21","-0.290456"
"sys_strlen_p","cost_per_use","regs=12,avg=false","0","1","7230","7209","-21","-0.290456"
"sys_strlen_p","cost_per_use","regs=12,avg=true","0","1","7230","7209","-21","-0.290456"
"sys_strlen_p","scalar_registers","cost=0,avg=false","8","12","7230","7230","0","0"
"sys_strlen_p","scalar_registers","cost=0,avg=true","8","12","7230","7230","0","0"
"sys_strlen_p","scalar_registers","cost=1,avg=false","8","12","7209","7209","0","0"
"sys_strlen_p","scalar_registers","cost=1,avg=true","8","12","7209","7209","0","0"
"sys_strlen_p","average_register_costs","cost=0,regs=8","false","true","7230","7230","0","0"
"sys_strlen_p","average_register_costs","cost=0,regs=12","false","true","7230","7230","0","0"
"sys_strlen_p","average_register_costs","cost=1,regs=8","false","true","7209","7209","0","0"
"sys_strlen_p","average_register_costs","cost=1,regs=12","false","true","7209","7209","0","0"
"sys_strncat","cost_per_use","regs=8,avg=false","0","1","2360","2360","0","0"
"sys_strncat","cost_per_use","regs=8,avg=true","0","1","2360","2360","0","0"
"sys_strncat","cost_per_use","regs=12,avg=false","0","1","2360","2360","0","0"
"sys_strncat","cost_per_use","regs=12,avg=true","0","1","2360","2360","0","0"
"sys_strncat","scalar_registers","cost=0,avg=false","8","12","2360","2360","0","0"
"sys_strncat","scalar_registers","cost=0,avg=true","8","12","2360","2360","0","0"
"sys_strncat","scalar_registers","cost=1,avg=false","8","12","2360","2360","0","0"
"sys_strncat","scalar_registers","cost=1,avg=true","8","12","2360","2360","0","0"
"sys_strncat","average_register_costs","cost=0,regs=8","false","true","2360","2360","0","0"
"sys_strncat","average_register_costs","cost=0,regs=12","false","true","2360","2360","0","0"
"sys_strncat","average_register_costs","cost=1,regs=8","false","true","2360","2360","0","0"
"sys_strncat","average_register_costs","cost=1,regs=12","false","true","2360","2360","0","0"
"sys_strncat_p","cost_per_use","regs=8,avg=false","0","1","3580","3580","0","0"
"sys_strncat_p","cost_per_use","regs=8,avg=true","0","1","3580","3580","0","0"
"sys_strncat_p","cost_per_use","regs=12,avg=false","0","1","3580","3580","0","0"
"sys_strncat_p","cost_per_use","regs=12,avg=true","0","1","3580","3580","0","0"
"sys_strncat_p","scalar_registers","cost=0,avg=false","8","12","3580","3580","0","0"
"sys_strncat_p","scalar_registers","cost=0,avg=true","8","12","3580","3580","0","0"
"sys_strncat_p","scalar_registers","cost=1,avg=false","8","12","3580","3580","0","0"
"sys_strncat_p","scalar_registers","cost=1,avg=true","8","12","3580","3580","0","0"
"sys_strncat_p","average_register_costs","cost=0,regs=8","false","true","3580","3580","0","0"
"sys_strncat_p","average_register_costs","cost=0,regs=12","false","true","3580","3580","0","0"
"sys_strncat_p","average_register_costs","cost=1,regs=8","false","true","3580","3580","0","0"
"sys_strncat_p","average_register_costs","cost=1,regs=12","false","true","3580","3580","0","0"
"sys_strncpy","cost_per_use","regs=8,avg=false","0","1","2291","2291","0","0"
"sys_strncpy","cost_per_use","regs=8,avg=true","0","1","2291","2291","0","0"
"sys_strncpy","cost_per_use","regs=12,avg=false","0","1","2291","2291","0","0"
"sys_strncpy","cost_per_use","regs=12,avg=true","0","1","2291","2291","0","0"
"sys_strncpy","scalar_registers","cost=0,avg=false","8","12","2291","2291","0","0"
"sys_strncpy","scalar_registers","cost=0,avg=true","8","12","2291","2291","0","0"
"sys_strncpy","scalar_registers","cost=1,avg=false","8","12","2291","2291","0","0"
"sys_strncpy","scalar_registers","cost=1,avg=true","8","12","2291","2291","0","0"
"sys_strncpy","average_register_costs","cost=0,regs=8","false","true","2291","2291","0","0"
"sys_strncpy","average_register_costs","cost=0,regs=12","false","true","2291","2291","0","0"
"sys_strncpy","average_register_costs","cost=1,regs=8","false","true","2291","2291","0","0"
"sys_strncpy","average_register_costs","cost=1,regs=12","false","true","2291","2291","0","0"
"sys_strncpy_p","cost_per_use","regs=8,avg=false","0","1","3794","3794","0","0"
"sys_strncpy_p","cost_per_use","regs=8,avg=true","0","1","3794","3794","0","0"
"sys_strncpy_p","cost_per_use","regs=12,avg=false","0","1","3794","3794","0","0"
"sys_strncpy_p","cost_per_use","regs=12,avg=true","0","1","3794","3794","0","0"
"sys_strncpy_p","scalar_registers","cost=0,avg=false","8","12","3794","3794","0","0"
"sys_strncpy_p","scalar_registers","cost=0,avg=true","8","12","3794","3794","0","0"
"sys_strncpy_p","scalar_registers","cost=1,avg=false","8","12","3794","3794","0","0"
"sys_strncpy_p","scalar_registers","cost=1,avg=true","8","12","3794","3794","0","0"
"sys_strncpy_p","average_register_costs","cost=0,regs=8","false","true","3794","3794","0","0"
"sys_strncpy_p","average_register_costs","cost=0,regs=12","false","true","3794","3794","0","0"
"sys_strncpy_p","average_register_costs","cost=1,regs=8","false","true","3794","3794","0","0"
"sys_strncpy_p","average_register_costs","cost=1,regs=12","false","true","3794","3794","0","0"
"tail_calls","cost_per_use","regs=8,avg=false","0","1","501299","501299","0","0"
"tail_calls","cost_per_use","regs=8,avg=true","0","1","501299","501299","0","0"
"tail_calls","cost_per_use","regs=12,avg=false","0","1","501299","501299","0","0"
"tail_calls","cost_per_use","regs=12,avg=true","0","1","501299","501299","0","0"
"tail_calls","scalar_registers","cost=0,avg=false","8","12","501299","501299","0","0"
"tail_calls","scalar_registers","cost=0,avg=true","8","12","501299","501299","0","0"
"tail_calls","scalar_registers","cost=1,avg=false","8","12","501299","501299","0","0"
"tail_calls","scalar_registers","cost=1,avg=true","8","12","501299","501299","0","0"
"tail_calls","average_register_costs","cost=0,regs=8","false","true","501299","501299","0","0"
"tail_calls","average_register_costs","cost=0,regs=12","false","true","501299","501299","0","0"
"tail_calls","average_register_costs","cost=1,regs=8","false","true","501299","501299","0","0"
"tail_calls","average_register_costs","cost=1,regs=12","false","true","501299","501299","0","0"
